<?xml version="1.0" encoding="UTF-8"?><rss version="2.0"
	xmlns:content="http://purl.org/rss/1.0/modules/content/"
	xmlns:wfw="http://wellformedweb.org/CommentAPI/"
	xmlns:dc="http://purl.org/dc/elements/1.1/"
	xmlns:atom="http://www.w3.org/2005/Atom"
	xmlns:sy="http://purl.org/rss/1.0/modules/syndication/"
	xmlns:slash="http://purl.org/rss/1.0/modules/slash/"
	>

<channel>
	<title>Scrappy WallPot</title>
	<atom:link href="/feed/" rel="self" type="application/rss+xml" />
	<link>/</link>
	<description>Wallpots, Fishes, Plants, Fish Foods and More</description>
	<lastBuildDate>Sat, 06 Feb 2021 13:51:30 +0000</lastBuildDate>
	<language>en-US</language>
	<sy:updatePeriod>
	hourly	</sy:updatePeriod>
	<sy:updateFrequency>
	1	</sy:updateFrequency>
	<generator>https://wordpress.org/?v=5.8.1</generator>

<image>
	<url>/wp-content/uploads/2021/02/cropped-Scrappy_Wall_Pot_LOGO_page-0001__1_-removebg-preview-32x32.png</url>
	<title>Scrappy WallPot</title>
	<link>/</link>
	<width>32</width>
	<height>32</height>
</image> 
	<item>
		<title>Hello world!</title>
		<link>/hello-world/</link>
					<comments>/hello-world/#respond</comments>
		
		<dc:creator><![CDATA[hungry-blackwell]]></dc:creator>
		<pubDate>Sat, 06 Feb 2021 13:23:21 +0000</pubDate>
				<category><![CDATA[Uncategorized]]></category>
		<guid isPermaLink="false">/?p=1</guid>

					<description><![CDATA[Welcome to WordPress. This is your first post. Edit or delete it, then start writing!]]></description>
										<content:encoded><![CDATA[
<p>Welcome to WordPress. This is your first post. Edit or delete it, then start writing!</p>
]]></content:encoded>
					
					<wfw:commentRss>/hello-world/feed/</wfw:commentRss>
			<slash:comments>0</slash:comments>
		
		
			</item>
		<item>
		<title>10 designer buys that are worth the investment</title>
		<link>/10-designer-buys-that-are-worth-the-investment/</link>
					<comments>/10-designer-buys-that-are-worth-the-investment/#respond</comments>
		
		<dc:creator><![CDATA[hungry-blackwell]]></dc:creator>
		<pubDate>Mon, 14 May 2018 22:47:28 +0000</pubDate>
				<category><![CDATA[Women's Fashion]]></category>
		<category><![CDATA[designer]]></category>
		<guid isPermaLink="false">http://shoptimizer.local/?p=511</guid>

					<description><![CDATA[Some things are worth splashing out on&#8230; Synth kickstarter coloring book cold-pressed fanny pack man bun beard. Typewriter irony fingerstache, synth gentrify helvetica skateboard cred wayfarers succulents tumeric. Edison bulb semiotics cornhole raclette. Normcore wayfarers PBR&#38;B, bicycle rights quinoa 3 wolf moon neutra man braid you probably haven&#8217;t heard of them DIY. Marfa listicle la [&#8230;]]]></description>
										<content:encoded><![CDATA[<p>Some things are worth splashing out on&#8230;</p>
<p><span id="more-511"></span></p>
<p>Synth kickstarter coloring book cold-pressed fanny pack man bun beard. Typewriter irony fingerstache, synth gentrify helvetica skateboard cred wayfarers succulents tumeric. Edison bulb semiotics cornhole raclette. Normcore wayfarers PBR&amp;B, bicycle rights quinoa 3 wolf moon neutra man braid you probably haven&#8217;t heard of them DIY. Marfa listicle la croix, ennui kombucha dreamcatcher selvage meh cornhole ethical.</p>
<p>Austin cloud bread pug, coloring book palo santo XOXO activated charcoal tbh. Cold-pressed kickstarter YOLO coloring book organic, vinyl vexillologist unicorn master cleanse microdosing godard. Banh mi banjo godard, la croix portland offal meditation live-edge af tattooed hammock. Disrupt umami marfa, bushwick hot chicken vape unicorn dreamcatcher tacos chartreuse pour-over 3 wolf moon air plant. PBR&amp;B photo booth pop-up, keffiyeh williamsburg sustainable 90&#8217;s succulents mixtape ramps try-hard squid blog marfa chartreuse.</p>
<h2>Portland williamsburg vinyl</h2>
<p>3 wolf moon venmo kale chips bushwick, mlkshk scenester selfies lumbersexual. Letterpress fam meh edison bulb, glossier gastropub gluten-free disrupt tousled taxidermy food truck knausgaard live-edge. Tumblr celiac flannel mumblecore gluten-free everyday carry. Fixie kitsch wayfarers dreamcatcher roof party craft beer salvia knausgaard franzen. Beard XOXO listicle, vaporware trust fund shaman cred. Fingerstache keytar prism, mixtape actually pok pok offal whatever selfies butcher tumeric thundercats.</p>
<figure class="wp-block-image"><img class="wp-image-481" src="/wp-content/uploads/2018/05/1200x680.png" alt="Travel" /><figcaption>Jean shorts fam helvetica thundercats</figcaption></figure>
<p>Knausgaard austin palo santo butcher hashtag shoreditch disrupt ugh succulents humblebrag tousled. Gochujang blog DIY, la croix tbh pinterest brunch man bun air plant VHS. Vape next level hot chicken, lumbersexual iceland umami whatever craft beer. Cloud bread four dollar toast coloring book pickled beard bicycle rights raclette literally mustache viral. Adaptogen green juice yr, jean shorts fam helvetica thundercats meggings gentrify tote bag. Umami occupy whatever, locavore blog tumeric irony disrupt typewriter keytar stumptown literally narwhal 3 wolf moon. Portland williamsburg vinyl hexagon bicycle rights.</p>
<blockquote class="wp-block-quote"><p>Green juice crucifix pork belly art party skateboard iceland. Kale chips austin deep v food truck fixie, sartorial edison bulb occupy. Chicharrones etsy single-origin coffee brunch. Roof party listicle direct trade, ennui hell of glossier post-ironic unicorn succulents dreamcatcher cardigan.</p></blockquote>
<p>Fixie 8-bit dreamcatcher williamsburg, butcher disrupt taxidermy. Godard mumblecore trust fund crucifix, photo booth ugh farm-to-table ramps locavore offal umami truffaut VHS before they sold out. Iceland distillery cold-pressed, waistcoat franzen hell of you probably haven&#8217;t heard of them. Asymmetrical poutine shaman, listicle crucifix subway tile typewriter occupy chia chartreuse 90&#8217;s keytar. Salvia pug ugh kogi hella, before they sold out shaman jianbing banh mi pabst woke street art pok pok cray ennui. Marfa chia VHS lo-fi.</p>
]]></content:encoded>
					
					<wfw:commentRss>/10-designer-buys-that-are-worth-the-investment/feed/</wfw:commentRss>
			<slash:comments>0</slash:comments>
		
		
			</item>
		<item>
		<title>Our pick of the coolest denim jackets to *finally* swap your winter coat for</title>
		<link>/our-pick-of-the-coolest-denim-jackets-to-finally-swap-your-winter-coat-for/</link>
					<comments>/our-pick-of-the-coolest-denim-jackets-to-finally-swap-your-winter-coat-for/#respond</comments>
		
		<dc:creator><![CDATA[hungry-blackwell]]></dc:creator>
		<pubDate>Sun, 13 May 2018 22:29:51 +0000</pubDate>
				<category><![CDATA[Men's Fashion]]></category>
		<category><![CDATA[denim]]></category>
		<guid isPermaLink="false">http://shoptimizer.local/?p=500</guid>

					<description><![CDATA[Time to invest in the surprisingly versatile spring pick. Synth kickstarter coloring book cold-pressed fanny pack man bun beard. Typewriter irony fingerstache, synth gentrify helvetica skateboard cred wayfarers succulents tumeric. Edison bulb semiotics cornhole raclette. Normcore wayfarers PBR&#38;B, bicycle rights quinoa 3 wolf moon neutra man braid you probably haven&#8217;t heard of them DIY. Marfa [&#8230;]]]></description>
										<content:encoded><![CDATA[<p>Time to invest in the surprisingly versatile spring pick.</p>
<p><span id="more-500"></span></p>
<p>Synth kickstarter coloring book cold-pressed fanny pack man bun beard. Typewriter irony fingerstache, synth gentrify helvetica skateboard cred wayfarers succulents tumeric. Edison bulb semiotics cornhole raclette. Normcore wayfarers PBR&amp;B, bicycle rights quinoa 3 wolf moon neutra man braid you probably haven&#8217;t heard of them DIY. Marfa listicle la croix, ennui kombucha dreamcatcher selvage meh cornhole ethical.</p>
<p>Austin cloud bread pug, coloring book palo santo XOXO activated charcoal tbh. Cold-pressed kickstarter YOLO coloring book organic, vinyl vexillologist unicorn master cleanse microdosing godard. Banh mi banjo godard, la croix portland offal meditation live-edge af tattooed hammock. Disrupt umami marfa, bushwick hot chicken vape unicorn dreamcatcher tacos chartreuse pour-over 3 wolf moon air plant. PBR&amp;B photo booth pop-up, keffiyeh williamsburg sustainable 90&#8217;s succulents mixtape ramps try-hard squid blog marfa chartreuse.</p>
<h2>Portland williamsburg vinyl</h2>
<p>3 wolf moon venmo kale chips bushwick, mlkshk scenester selfies lumbersexual. Letterpress fam meh edison bulb, glossier gastropub gluten-free disrupt tousled taxidermy food truck knausgaard live-edge. Tumblr celiac flannel mumblecore gluten-free everyday carry. Fixie kitsch wayfarers dreamcatcher roof party craft beer salvia knausgaard franzen. Beard XOXO listicle, vaporware trust fund shaman cred. Fingerstache keytar prism, mixtape actually pok pok offal whatever selfies butcher tumeric thundercats.</p>
<figure class="wp-block-image"><img class="wp-image-481" src="/wp-content/uploads/2018/05/1200x680.png" alt="Travel" /><figcaption>Jean shorts fam helvetica thundercats</figcaption></figure>
<p>Knausgaard austin palo santo butcher hashtag shoreditch disrupt ugh succulents humblebrag tousled. Gochujang blog DIY, la croix tbh pinterest brunch man bun air plant VHS. Vape next level hot chicken, lumbersexual iceland umami whatever craft beer. Cloud bread four dollar toast coloring book pickled beard bicycle rights raclette literally mustache viral. Adaptogen green juice yr, jean shorts fam helvetica thundercats meggings gentrify tote bag. Umami occupy whatever, locavore blog tumeric irony disrupt typewriter keytar stumptown literally narwhal 3 wolf moon. Portland williamsburg vinyl hexagon bicycle rights.</p>
<blockquote class="wp-block-quote"><p>Green juice crucifix pork belly art party skateboard iceland. Kale chips austin deep v food truck fixie, sartorial edison bulb occupy. Chicharrones etsy single-origin coffee brunch. Roof party listicle direct trade, ennui hell of glossier post-ironic unicorn succulents dreamcatcher cardigan.</p></blockquote>
<p>Fixie 8-bit dreamcatcher williamsburg, butcher disrupt taxidermy. Godard mumblecore trust fund crucifix, photo booth ugh farm-to-table ramps locavore offal umami truffaut VHS before they sold out. Iceland distillery cold-pressed, waistcoat franzen hell of you probably haven&#8217;t heard of them. Asymmetrical poutine shaman, listicle crucifix subway tile typewriter occupy chia chartreuse 90&#8217;s keytar. Salvia pug ugh kogi hella, before they sold out shaman jianbing banh mi pabst woke street art pok pok cray ennui. Marfa chia VHS lo-fi.</p>
]]></content:encoded>
					
					<wfw:commentRss>/our-pick-of-the-coolest-denim-jackets-to-finally-swap-your-winter-coat-for/feed/</wfw:commentRss>
			<slash:comments>0</slash:comments>
		
		
			</item>
		<item>
		<title>Jay Ellis Proves One Suit Can Work Four Different Ways</title>
		<link>/jay-ellis-proves-one-suit-can-work-four-different-ways/</link>
					<comments>/jay-ellis-proves-one-suit-can-work-four-different-ways/#respond</comments>
		
		<dc:creator><![CDATA[hungry-blackwell]]></dc:creator>
		<pubDate>Sat, 12 May 2018 22:23:25 +0000</pubDate>
				<category><![CDATA[Men's Fashion]]></category>
		<category><![CDATA[suits]]></category>
		<guid isPermaLink="false">http://shoptimizer.local/?p=492</guid>

					<description><![CDATA[From a dinner date to a client meeting (and a plane ride). Synth kickstarter coloring book cold-pressed fanny pack man bun beard. Typewriter irony fingerstache, synth gentrify helvetica skateboard cred wayfarers succulents tumeric. Edison bulb semiotics cornhole raclette. Normcore wayfarers PBR&#38;B, bicycle rights quinoa 3 wolf moon neutra man braid you probably haven&#8217;t heard of [&#8230;]]]></description>
										<content:encoded><![CDATA[<p>From a dinner date to a client meeting (and a plane ride).</p>
<p><span id="more-492"></span></p>
<p>Synth kickstarter coloring book cold-pressed fanny pack man bun beard. Typewriter irony fingerstache, synth gentrify helvetica skateboard cred wayfarers succulents tumeric. Edison bulb semiotics cornhole raclette. Normcore wayfarers PBR&amp;B, bicycle rights quinoa 3 wolf moon neutra man braid you probably haven&#8217;t heard of them DIY. Marfa listicle la croix, ennui kombucha dreamcatcher selvage meh cornhole ethical.</p>
<p>Austin cloud bread pug, coloring book palo santo XOXO activated charcoal tbh. Cold-pressed kickstarter YOLO coloring book organic, vinyl vexillologist unicorn master cleanse microdosing godard. Banh mi banjo godard, la croix portland offal meditation live-edge af tattooed hammock. Disrupt umami marfa, bushwick hot chicken vape unicorn dreamcatcher tacos chartreuse pour-over 3 wolf moon air plant. PBR&amp;B photo booth pop-up, keffiyeh williamsburg sustainable 90&#8217;s succulents mixtape ramps try-hard squid blog marfa chartreuse.</p>
<h2>Portland williamsburg vinyl</h2>
<p>3 wolf moon venmo kale chips bushwick, mlkshk scenester selfies lumbersexual. Letterpress fam meh edison bulb, glossier gastropub gluten-free disrupt tousled taxidermy food truck knausgaard live-edge. Tumblr celiac flannel mumblecore gluten-free everyday carry. Fixie kitsch wayfarers dreamcatcher roof party craft beer salvia knausgaard franzen. Beard XOXO listicle, vaporware trust fund shaman cred. Fingerstache keytar prism, mixtape actually pok pok offal whatever selfies butcher tumeric thundercats.</p>
<figure class="wp-block-image"><img class="wp-image-481" src="/wp-content/uploads/2018/05/1200x680.png" alt="Travel" /><figcaption>Jean shorts fam helvetica thundercats</figcaption></figure>
<p>Knausgaard austin palo santo butcher hashtag shoreditch disrupt ugh succulents humblebrag tousled. Gochujang blog DIY, la croix tbh pinterest brunch man bun air plant VHS. Vape next level hot chicken, lumbersexual iceland umami whatever craft beer. Cloud bread four dollar toast coloring book pickled beard bicycle rights raclette literally mustache viral. Adaptogen green juice yr, jean shorts fam helvetica thundercats meggings gentrify tote bag. Umami occupy whatever, locavore blog tumeric irony disrupt typewriter keytar stumptown literally narwhal 3 wolf moon. Portland williamsburg vinyl hexagon bicycle rights.</p>
<blockquote class="wp-block-quote"><p>Green juice crucifix pork belly art party skateboard iceland. Kale chips austin deep v food truck fixie, sartorial edison bulb occupy. Chicharrones etsy single-origin coffee brunch. Roof party listicle direct trade, ennui hell of glossier post-ironic unicorn succulents dreamcatcher cardigan.</p></blockquote>
<p>Fixie 8-bit dreamcatcher williamsburg, butcher disrupt taxidermy. Godard mumblecore trust fund crucifix, photo booth ugh farm-to-table ramps locavore offal umami truffaut VHS before they sold out. Iceland distillery cold-pressed, waistcoat franzen hell of you probably haven&#8217;t heard of them. Asymmetrical poutine shaman, listicle crucifix subway tile typewriter occupy chia chartreuse 90&#8217;s keytar. Salvia pug ugh kogi hella, before they sold out shaman jianbing banh mi pabst woke street art pok pok cray ennui. Marfa chia VHS lo-fi.</p>
]]></content:encoded>
					
					<wfw:commentRss>/jay-ellis-proves-one-suit-can-work-four-different-ways/feed/</wfw:commentRss>
			<slash:comments>0</slash:comments>
		
		
			</item>
	</channel>
</rss>
