<?xml version="1.0" encoding="UTF-8"?><rss version="2.0"
	xmlns:content="http://purl.org/rss/1.0/modules/content/"
	xmlns:dc="http://purl.org/dc/elements/1.1/"
	xmlns:atom="http://www.w3.org/2005/Atom"
	xmlns:sy="http://purl.org/rss/1.0/modules/syndication/"
	
	>
<channel>
	<title>
	Comments on: 10 designer buys that are worth the investment	</title>
	<atom:link href="/10-designer-buys-that-are-worth-the-investment/feed/" rel="self" type="application/rss+xml" />
	<link>/10-designer-buys-that-are-worth-the-investment/</link>
	<description>Wallpots, Fishes, Plants, Fish Foods and More</description>
	<lastBuildDate>Sat, 06 Feb 2021 13:51:30 +0000</lastBuildDate>
	<sy:updatePeriod>
	hourly	</sy:updatePeriod>
	<sy:updateFrequency>
	1	</sy:updateFrequency>
	<generator>https://wordpress.org/?v=5.8.1</generator>
</channel>
</rss>
